[
      {
        "id" : 100,
        "name" : "Kaju Apple",
        "img": "assets/img/Kaju_Apple_COMPRESSED.jpg",
        "desc": "Our range of Dry Fruit Sweets are the epitome of indulgece",
        "weight": "250 Gms",
        "price": 250,
        "long_desc": "Lorem ipsum dolor sit amet consectetur adipisicing elit. Sunt esse quod assumenda perferendis distinctio error ea at maxime culpa facere quibusdam, possimus accusantium minus est voluptas illum consectetur voluptates hic. Lorem ipsum dolor sit amet consectetur adipisicing elit. Sunt esse quod assumenda perferendis distinctio error ea at maxime culpa facere quibusdam, possimus accusantium minus est voluptas illum consectetur voluptates hic. Lorem ipsum dolor sit amet consectetur"
      },
      {
        "id" : 101,
        "name" : "Kaju Fry",
        "img": "assets/img/Chow_Chow_COMPRESSED.jpg",
        "desc": "Our range of Dry Fruit Sweets are the epitome of indulgece",
        "weight": "500 Gms",
        "price": 500,
        "long_desc": "Lorem ipsum dolor sit amet consectetur adipisicing elit. Sunt esse quod assumenda perferendis distinctio error ea at maxime culpa facere quibusdam, possimus accusantium minus est voluptas illum consectetur voluptates hic. Lorem ipsum dolor sit amet consectetur adipisicing elit. Sunt esse quod assumenda perferendis distinctio error ea at maxime culpa facere quibusdam, possimus accusantium minus est voluptas illum consectetur voluptates hic. Lorem ipsum dolor sit amet consectetur"
      },
      {
        "id" : 102,
        "name" : "Kaju Burfi",
        "img": "assets/img/Dry_Jamoon_COMPRESSED.jpg",
        "desc": "Our range of Dry Fruit Sweets are the epitome of indulgece",
        "weight": "350 Gms",
        "price": 300,
        "long_desc": "Lorem ipsum dolor sit amet consectetur adipisicing elit. Sunt esse quod assumenda perferendis distinctio error ea at maxime culpa facere quibusdam, possimus accusantium minus est voluptas illum consectetur voluptates hic. Lorem ipsum dolor sit amet consectetur adipisicing elit. Sunt esse quod assumenda perferendis distinctio error ea at maxime culpa facere quibusdam, possimus accusantium minus est voluptas illum consectetur voluptates hic. Lorem ipsum dolor sit amet consectetur"
      },
      {
        "id" : 103,
        "name" : "Kaju Pasta",
        "img": "assets/img/Champakali_COMPRESSED.jpg",
        "desc": "Our range of Dry Fruit Sweets are the epitome of indulgece",
        "weight": "450 Gms",
        "price": 800,
        "long_desc": "Lorem ipsum dolor sit amet consectetur adipisicing elit. Sunt esse quod assumenda perferendis distinctio error ea at maxime culpa facere quibusdam, possimus accusantium minus est voluptas illum consectetur voluptates hic. Lorem ipsum dolor sit amet consectetur adipisicing elit. Sunt esse quod assumenda perferendis distinctio error ea at maxime culpa facere quibusdam, possimus accusantium minus est voluptas illum consectetur voluptates hic. Lorem ipsum dolor sit amet consectetur. Lorem ipsum dolor sit amet consectetur adipisicing elit. Sunt esse quod assumenda perferendis distinctio error ea at maxime culpa facere quibusdam, possimus accusantium minus est voluptas illum consectetur voluptates hic."
      },
      {
        "id" : 104,
        "name" : "Kaju Apple",
        "img": "assets/img/Kaju_Apple_COMPRESSED.jpg",
        "desc": "Our range of Dry Fruit Sweets are the epitome of indulgece",
        "weight": "600 Gms",
        "price": 1000,
        "long_desc": "Lorem ipsum dolor sit amet consectetur adipisicing elit. Sunt esse quod assumenda perferendis distinctio error ea at maxime culpa facere quibusdam, possimus accusantium minus est voluptas illum consectetur voluptates hic. Lorem ipsum dolor sit amet consectetur adipisicing elit. Sunt esse quod assumenda perferendis distinctio error ea at maxime culpa facere quibusdam, possimus accusantium minus est voluptas illum consectetur voluptates hic. Lorem ipsum dolor sit amet consectetur"
      },
      {
        "id" : 105,
        "name" : "Kaju Fry",
        "img": "assets/img/Chow_Chow_COMPRESSED.jpg",
        "desc": "Our range of Dry Fruit Sweets are the epitome of indulgece",
        "weight": "750 Gms",
        "price": 900,
        "long_desc": "Lorem ipsum dolor sit amet consectetur adipisicing elit. Sunt esse quod assumenda perferendis distinctio error ea at maxime culpa facere quibusdam, possimus accusantium minus est voluptas illum consectetur voluptates hic. Lorem ipsum dolor sit amet consectetur adipisicing elit. Sunt esse quod assumenda perferendis distinctio error ea at maxime culpa facere quibusdam, possimus accusantium minus est voluptas illum consectetur voluptates hic. Lorem ipsum dolor sit amet consectetur. Lorem ipsum dolor sit amet consectetur adipisicing elit. Sunt esse quod assumenda perferendis distinctio error ea at maxime culpa facere quibusdam, possimus accusantium minus est voluptas illum consectetur voluptates hic."
      },
      {
        "id" : 106,
        "name" : "Kaju Burfi",
        "img": "assets/img/Dry_Jamoon_COMPRESSED.jpg",
        "desc": "Our range of Dry Fruit Sweets are the epitome of indulgece",
        "weight": "800 Gms",
        "price": 1200,
        "long_desc": "Lorem ipsum dolor sit amet consectetur adipisicing elit. Sunt esse quod assumenda perferendis distinctio error ea at maxime culpa facere quibusdam, possimus accusantium minus est voluptas illum consectetur voluptates hic. Lorem ipsum dolor sit amet consectetur adipisicing elit. Sunt esse quod assumenda perferendis distinctio error ea at maxime culpa facere quibusdam, possimus accusantium minus est voluptas illum consectetur voluptates hic. Lorem ipsum dolor sit amet consectetur. "
      },
      {
        "id" : 107,
        "name" : "Kaju Pasta",
        "img": "assets/img/Champakali_COMPRESSED.jpg",
        "desc": "Our range of Dry Fruit Sweets are the epitome of indulgece",
        "weight": "1 Kg",
        "price": 1500,
        "long_desc": "Lorem ipsum dolor sit amet consectetur adipisicing elit. Sunt esse quod assumenda perferendis distinctio error ea at maxime culpa facere quibusdam, possimus accusantium minus est voluptas illum consectetur voluptates hic. Lorem ipsum dolor sit amet consectetur adipisicing elit. Sunt esse quod assumenda perferendis distinctio error ea at maxime culpa facere quibusdam, possimus accusantium minus est voluptas illum consectetur voluptates hic. Lorem ipsum dolor sit amet consectetur Lorem ipsum dolor sit amet consectetur adipisicing elit. Sunt esse quod assumenda perferendis distinctio error ea at maxime culpa facere quibusdam, possimus accusantium minus est voluptas illum consectetur voluptates hic."
      }
]
